"","term","estimate","std.error","statistic","p.value"
"1","(Intercept)",585.004797003214,1081.44328622214,0.540948198075963,0.589490852244502
"2","AvgIncome",2.12917688928537,0.132457649081962,16.0743973945052,2.09644582465927e-32
