"","term","estimate","std.error","statistic","p.value"
"1","(Intercept)",13097.7619156356,10707.2529178434,1.22326072019915,0.223514085047569
"2","AvgIncome",2.15715337080558,0.134387522818335,16.0517384766561,2.95483670398765e-32
"3","logGDP",-531.166963602263,452.205910793763,-1.17461304888717,0.242364695536185
