"","term","estimate","std.error","statistic","p.value"
"1","(Intercept)",998.817649413361,1163.73198515457,0.858288387837597,0.39236299987116
"2","AvgIncome",2.14500787666683,0.133507085780022,16.06662196343,2.73108193355313e-32
"3","GDP",-6.35317044959702e-09,6.58754436031351e-09,-0.964421657313085,0.336681902195485
